物料号,物料描述,栓编码,母编码,平垫97编码,平垫95编码,弹垫编码,是否双平,
11140300291,螺栓副_GB/T5783_M10*16_不锈钢,AAD1001502,FAA01002,GBG01002,,GAE01002,1,
11140300499,螺栓副_GB/T5783_M10*20_不锈钢_一母双平一弹,AAD1002002,FAA01002,GBG01002,,GAE01002,2,
11140300037,螺栓副_GB/T5783_M10*20_不锈钢,AAD1002002,FAA01002,GBG01002,,GAE01002,1,
11140300496,螺栓副_GB/T5783_M10*25_不锈钢_一母双平一弹,AAD1002502,FAA01002,GBG01002,,GAE01002,2,
11140300196,螺栓副_GB/T5783_M10*25_不锈钢,AAD1002502,FAA01002,GBG01002,,GAE01002,1,
11140300187,半圆头方颈螺栓副_DIN603_M10*25_不锈钢,TDGG00153,FAA01002,GBG01002,,GAE01002,1,
11140300040,螺栓副_GB/T5783_M10*30_不锈钢,AAD1003002,FAA01002,GBG01002,,GAE01002,1,
11140300332,半圆头方颈螺栓副_DIN603_M10*30_不锈钢,TDGG00154,FAA01002,GBG01002,,GAE01002,1,
AAC1003002_SS,螺栓副_GB/T5783_M10*30_不锈钢_一母双平一弹,AAD1003002,FAA01002,GBG01002,,GAE01002,2,
11140300497,螺栓副_GB/T5783_M10*35_不锈钢_一母双平一弹,AAD1003502,FAA01002,GBG01002,,GAE01002,2,
11140300195,螺栓副_GB/T5783_M10*35_不锈钢,AAD1003502,FAA01002,GBG01002,,GAE01002,1,
11140300188,半圆头方颈螺栓副_DIN603_M10*35_不锈钢,TDGG00155,FAA01002,GBG01002,,GAE01002,1,
11140300431,螺栓副_GB/T5783_M10*40_不锈钢_一母双平一弹,AAD1004002,FAA01002,GBG01002,,GAE01002,2,
11140300042,螺栓副_GB/T5783_M10*40_不锈钢,AAD1004002,FAA01002,GBG01002,,GAE01002,1,
11140300189,半圆头方颈螺栓副_DIN603_M10*40_不锈钢,TDGG00156,FAA01002,GBG01002,,GAE01002,1,
11140300298,螺栓副_GB/T5783_M10*45_不锈钢,AAD1004502,FAA01002,GBG01002,,GAE01002,1,
11140300498,螺栓副_GB/T5783_M12*100_不锈钢_一母双平一弹,AAD1210002,FAA01202,GBG01202,,GAE01202,2,
11140300495,螺栓副_GB/T5783_M12*35_不锈钢_一母双平一弹,AAD1203502,FAA01202,GBG01202,,GAE01202,2,
11140300297,螺栓副_GB/T5783_M12*40_不锈钢,AAD1204002,FAA01202,GBG01202,,GAE01202,1,
11140300432,螺栓副_GB/T5783_M12*45_不锈钢_一母双平一弹,AAD1204502,FAA01202,GBG01202,,GAE01202,2,
11140300049,螺栓副_GB/T5783_M12*45_不锈钢,AAD1204502,FAA01202,GBG01202,,GAE01202,1,
11140300051,螺栓副_GB/T5783_M12*50_不锈钢,AAD1205002,FAA01202,GBG01202,,GAE01202,1,
11140300053,螺栓副_GB/T5783_M12*60_不锈钢,AAD1206002,FAA01202,GBG01202,,GAE01202,1,
11140300311,螺栓副_GB/T5783_M14*50_不锈钢,AAD1405002,FAA01402,GAB01402,,GAE01402,1,
11140300290,螺栓副_GB/T5783_M14*60_不锈钢,AAD1406002,FAA01402,GAB01402,,GAE01402,1,
11140300454,螺栓副_GB/T5783_M16*110_不锈钢,AAD1611002,FAA01602,GBG01602,,GAE01602,1,
11140300190,螺栓副_GB/T5783_M16*40_不锈钢,AAD1604002,FAA01602,GBG01602,,GAE01602,1,
11140300067,螺栓副_GB/T5783_M16*70_不锈钢,AAD1607002,FAA01602,GBG01602,,GAE01602,1,
11140300288,螺栓副_GB/T5783_M20*130_不锈钢,AAD2013002,FAA02002,GBG02002,,GAE02002,1,
11140300328,螺栓副_GB/T5783_M20*140_不锈钢,AAD2014002,FAA02002,GBG02002,,GAE02002,1,
11140300349,螺栓副_GB/T5783_M20*50_不锈钢,AAD2005002,FAA02002,GBG02002,,GAE02002,1,
11140300507,螺栓副_GB/T5783_M20*75_不锈钢,TDGG00157,FAA02002,GBG02002,,GAE02002,1,
11140300508,螺栓副_GB/T5783_M22*60_不锈钢,TDGG00158,FAA02202,11090200099,,11090100059,1,
11140300433,螺栓副_GB/T5783_M22*70_不锈钢,TDGG00159,FAA02202,11090200099,,11090100059,1,
11140300329,螺栓副_GB/T5783_M24*60_不锈钢,AAD2406002,FAA02402,GAB02402,,GAE02402,1,
11140300434,螺栓副_GB/T5783_M36*90_不锈钢,TDGG00160,FAA03602,GAB03602,,GAE03602,1,
11140300086,螺栓副_GB/T5783_M6*16_不锈钢,AAD0601602,FAA00602,GBG00602,,GAE00602,1,
11140300088,螺栓副_GB/T5783_M6*20_不锈钢,AAD0602002,FAA00602,GBG00602,,GAE00602,1,
AAC0602002_SS,螺栓副_GB/T5783_M6*20_不锈钢_一母双平一弹,AAD0602002,FAA00602,GBG00602,,GAE00602,2,
AAC0602502_SS,螺栓副_GB/T5783_M6*25_不锈钢_一母双平一弹,AAD0602502,FAA00602,GBG00602,,GAE00602,2,
11140300318,螺栓副_GB/T5783_M6*25_不锈钢,AAD0602502,FAA00602,GBG00602,,GAE00602,1,
11140300450,螺栓副_GB/T5783_M6*30_不锈钢_一母双平一弹,AAD0603002,FAA00602,GBG00602,,GAE00602,2,
11140300090,螺栓副_GB/T5783_M6*30_不锈钢,AAD0603002,FAA00602,GBG00602,,GAE00602,1,
11140300278,半圆头方颈螺栓副_GB/T12_M8*16_不锈钢,ABS0801602,FAA00802,GBG00802,,GAE00802,1,
11140300234,螺栓副_GB/T5781_M8*20_不锈钢,11020100132,FAA00802,GBG00802,,GAE00802,1,
11140300198,螺栓副_GB/T5783_M8*20_不锈钢,AAD0802002,FAA00802,GBG00802,,GAE00802,1,
11140300319,螺栓副_GB/T5783_M8*25_不锈钢,AAD0802502,FAA00802,GBG00802,,GAE00802,1,
AAC0802501A_SS,螺栓副_GB/T5783_M8*25_不锈钢_一母双平一弹,AAD0802502,FAA00802,GAB00802,,GAE00802,2,
11140300277,螺栓副_GB/T5781_M8*30_不锈钢,11020100129,FAA00802,GBG00802,,GAE00802,1,
AAC0803002_SS,螺栓副_GB/T5783_M8*30_不锈钢-一母双平一弹,AAD0803002,FAA00802,GAB00802,,GAE00802,2,
11140300135,螺栓副_GB/T5783_M8*30_不锈钢,AAD0803002,FAA00802,GBG00802,,GAE00802,1,
11140300151,螺栓副_GB/T5783_M8*35_不锈钢,AAD0803502,FAA00802,GBG00802,,GAE00802,1,
11140300451,螺栓副_GB/T5782_M36*110_8.8-热镀锌,TDGG00150,11010100276,11090200241,,11090100144,1,
11140300479,螺栓副_GB/T5782_M36*120_8.8-热镀锌,TDGG00151,11010100276,11090200241,,11090100144,1,
11140300430,螺栓副_GB/T5783_M10*20_8.8-热镀锌,11020110355,11010100070,11090200066,,11090100034,1,
11140300457,螺栓副_GB/T5783_M10*20_8.8-热镀锌_一母双平一弹,11020110355,11010100070,11090200066,,11090100034,2,
11140300438,螺栓副_GB/T5783_M10*25_8.8-热镀锌,11020110356,11010100070,11090200066,,11090100034,1,
11140300382,螺栓副_GB/T5783_M10*25_8.8-热镀锌_一母双平一弹,11020110356,11010100070,11090200066,,11090100034,2,
11140300439,螺栓副_GB/T5783_M10*30_8.8-热镀锌,11020100422,11010100070,11090200066,,11090100034,1,
11140300386,螺栓副_GB/T5783_M10*30_8.8-热镀锌_一母双平一弹,11020100422,11010100070,11090200066,,11090100034,2,
11140300383,螺栓副_GB/T5783_M10*35_8.8-热镀锌_一母双平一弹,11020110357,11010100070,11090200066,,11090100034,2,
11140300387,螺栓副_GB/T5783_M10*40_8.8-热镀锌_一母双平一弹,11020110358,11010100070,11090200066,,11090100034,2,
11140300440,螺栓副_GB/T5783_M10*45_8.8-热镀锌,11020110359,11010100070,11090200066,,11090100034,1,
11140300506,螺栓副_GB/T5783_M10*45_8.8-热镀锌_一母双平一弹,11020110359,11010100070,11090200066,,11090100034,2,
11140300469,螺栓副_GB/T5783_M10*55_8.8-热镀锌_一母双平一弹,11020110361,11010100070,11090200066,,11090100034,2,
11140300395,螺栓副_GB/T5783_M12*100_8.8-热镀锌,11020110380,11010100291,11090200067,,11090100098,1,
11140300397,螺栓副_GB/T5783_M12*100_8.8-热镀锌_一母双平一弹,11020110380,11010100291,11090200067,,11090100098,2,
11140300308,螺栓副_GB/T5783_M12*130_8.8-热镀锌,11020110946,11010100291,11090200067,,11090100098,1,
11140300406,螺栓副_GB/T5783_M12*30_8.8-热镀锌_一母双平一弹,11020110385,11010100291,11090200067,,11090100098,2,
11140300441,螺栓副_GB/T5783_M12*35_8.8-热镀锌,11020110386,11010100291,11090200067,,11090100098,1,
11140300381,螺栓副_GB/T5783_M12*35_8.8-热镀锌_一母双平一弹,11020110386,11010100291,11090200067,,11090100098,2,
11140300442,螺栓副_GB/T5783_M12*40_8.8-热镀锌,11020110387,11010100291,11090200067,,11090100098,1,
11140300384,螺栓副_GB/T5783_M12*40_8.8-热镀锌_一母双平一弹,11020110387,11010100291,11090200067,,11090100098,2,
11140300385,螺栓副_GB/T5783_M12*45_8.8-热镀锌_一母双平一弹,11020110388,11010100291,11090200067,,11090100098,2,
11140300407,螺栓副_GB/T5783_M12*50_8.8-热镀锌_一母双平一弹,11020110389,11010100291,11090200067,,11090100098,2,
11140300488,螺栓副_GB/T5783_M12*55_8.8-热镀锌,11020110390,11010100291,11090200067,,11090100098,1,
11140300443,螺栓副_GB/T5783_M12*60_8.8-热镀锌,11020110391,11010100291,11090200067,,11090100098,1,
11140300449,螺栓副_GB/T5783_M12*60_8.8-热镀锌_一母双平一弹,11020110391,11010100291,11090200067,,11090100098,2,
11140300480,螺栓副_GB/T5783_M12*70_8.8-热镀锌,11020110393,11010100291,11090200067,,11090100098,1,
11140300390,螺栓副_GB/T5783_M12*80_8.8-热镀锌,11020110394,11010100291,11090200067,,11090100098,1,
11140300489,螺栓副_GB/T5783_M12*90_8.8-热镀锌,11020110395,11010100291,11090200067,,11090100098,1,
11140300231,螺栓副_GB/T5783_M16*100_8.8-热镀锌,11020110329,11010100299,11090200068,,11090100100,1,
11140300227,螺栓副_GB/T5783_M16*160_8.8-热镀锌,11020110336,11010100299,11090200068,,11090100100,1,
11140300396,螺栓副_GB/T5783_M16*35_8.8-热镀锌_一母双平一弹,11020110340,11010100299,11090200068,,11090100100,2,
11140300444,螺栓副_GB/T5783_M16*40_8.8-热镀锌,11020110341,11010100299,11090200068,,11090100100,1,
11140300242,螺栓副_GB/T5783_M16*45_8.8-热镀锌,11020110342,11010100299,11090200068,,11090100100,1,
11140300445,螺栓副_GB/T5783_M16*50_8.8-热镀锌,11020110343,11010100299,11090200068,,11090100100,1,
11140300490,螺栓副_GB/T5783_M16*55_8.8-热镀锌,11020110344,11010100299,11090200068,,11090100100,1,
11140300120,螺栓副_GB/T5783_M16*60_8.8-热镀锌,11020110345,11010100299,11090200068,,11090100100,1,
11140300446,螺栓副_GB/T5783_M16*65_8.8-热镀锌,11020110346,11010100299,11090200068,,11090100100,1,
11140300481,螺栓副_GB/T5783_M16*70_8.8-热镀锌,11020110347,11010100299,11090200068,,11090100100,1,
11140300500,螺栓副_GB/T5783_M16*70_8.8-热镀锌_一母双平一弹,11020110347,11010100299,11090200068,,11090100100,2,
11140300482,螺栓副_GB/T5783_M16*80_8.8-热镀锌,11020110348,11010100299,11090200068,,11090100100,1,
11140300447,螺栓副_GB/T5783_M16*90_8.8-热镀锌,11020110349,11010100299,11090200068,,11090100100,1,
11140300398,螺栓副_GB/T5783_M16*90_8.8-热镀锌_一母双平一弹,11020110349,11010100299,11090200068,,11090100100,2,
11140300409,螺栓副_GB/T5783_M20*100_8.8-热镀锌,11020110412,11010100434,11090200185,,11090100102,1,
11140300483,螺栓副_GB/T5783_M20*110_8.8-热镀锌,11020110413,11010100434,11090200185,,11090100102,1,
11140300241,螺栓副_GB/T5783_M20*50_8.8-热镀锌,11020110424,11010100434,11090200185,,11090100102,1,
11140300491,螺栓副_GB/T5783_M20*65_8.8-热镀锌,11020110427,11010100434,11090200185,,11090100102,1,
11140300484,螺栓副_GB/T5783_M20*80_8.8-热镀锌,11020110430,11010100434,11090200185,,11090100102,1,
11140300485,螺栓副_GB/T5783_M20*90_8.8-热镀锌,11020110431,11010100434,11090200185,,11090100102,1,
11140300492,螺栓副_GB/T5783_M22*100_8.8-热镀锌,11020110968,11010100479,11090200186,,11090100103,1,
11140300229,螺栓副_GB/T5783_M24*100_8.8-热镀锌,11020110288,11010100435,11090200187,,11090100104,1,
11140300228,螺栓副_GB/T5783_M24*110_8.8-热镀锌,11020110289,11010100435,11090200187,,11090100104,1,
11140300230,螺栓副_GB/T5783_M24*120_8.8-热镀锌,11020110271,11010100435,11090200187,,11090100104,1,
11140300486,螺栓副_GB/T5783_M24*130_8.8-热镀锌,11020110272,11010100435,11090200187,,11090100104,1,
11140300410,螺栓副_GB/T5783_M24*150_8.8-热镀锌,11020110274,11010100435,11090200187,,11090100104,1,
11140300428,螺栓副_GB/T5783_M24*60_8.8-热镀锌,11020110281,11010100435,11090200187,,11090100104,1,
11140300411,螺栓副_GB/T5783_M24*80_8.8-热镀锌,11020110284,11010100435,11090200187,,11090100104,1,
11140300412,螺栓副_GB/T5783_M24*90_8.8-热镀锌,11020110285,11010100435,11090200187,,11090100104,1,
11140300505,螺栓副_GB/T5783_M30*100_8.8-热镀锌_一母双平一弹,11020110310,11010100327,11090200189,,11090100106,2,
11140300470,螺栓副_GB/T5783_M36*110_8.8-热镀锌,11020110974,11010100276,11090200241,,11090100144,1,
11140300413,螺栓副_GB/T5783_M36*150_8.8-热镀锌,11020110978,11010100276,11090200241,,11090100144,1,
11140300401,螺栓副_GB/T5783_M8*20_8.8-热镀锌_一母双平一弹,11020110134,11010100482,11090200192,,11090100004,2,
11140300353,螺栓副_GB/T5783_M8*25_8.8-热镀锌,11020110135,11010100482,11090200192,,11090100004,1,
11140300402,螺栓副_GB/T5783_M8*25_8.8-热镀锌_一母双平一弹,11020110135,11010100482,11090200192,,11090100004,2,
11140300502,螺栓副_GB/T5783_M8*30_10.9-热镀锌_一母双平一弹,TDGG00152,11010100482,11090200192,,11090100004,2,
11140300307,螺栓副_GB/T5783_M8*30_8.8-热镀锌,11020110136,11010100482,11090200192,,11090100004,1,
11140300388,螺栓副_GB/T5783_M8*30_8.8-热镀锌_一母双平一弹,11020110136,11010100482,11090200192,,11090100004,2,
11140300403,螺栓副_GB/T5783_M8*35_8.8-热镀锌_一母双平一弹,11020110137,11010100482,11090200192,,11090100004,2,
11140300448,螺栓副_GB/T5783_M8*45_8.8-热镀锌,11020110139,11010100482,11090200192,,11090100004,1,
11140300452,螺栓副_GB/T5783_M10*20_8.8-电镀锌72h盐雾,11020100902,11010100221,11090200139,11090200164,11090100079,1,
11140300251,螺栓副_GB/T5783_M10*25_8.8-电镀锌72h盐雾,11020100901,11010100221,11090200139,11090200164,11090100079,1,
11140300248,螺栓副_GB/T5783_M10*30_8.8-电镀锌72h盐雾,11020110683,11010100221,11090200139,11090200164,11090100079,1,
11140300221,螺栓副_GB/T5783_M10*30_8.8-电镀锌72h盐雾_一母双平一弹,11020110683,11010100221,11090200139,11090200164,11090100079,2,
11140300222,螺栓副_GB/T5783_M10*35_8.8-电镀锌72h盐雾_一母双平一弹,11020100899,11010100221,11090200139,11090200164,11090100079,2,
11140300317,螺栓副_GB/T5783_M10*40_8.8-电镀锌72h盐雾_一母双平一弹,11020101155,11010100221,11090200139,11090200164,11090100079,2,
11140300255,螺栓副_GB/T5783_M10*45_8.8-电镀锌72h盐雾,11020100994,11010100221,11090200139,11090200164,11090100079,1,
11140300453,螺栓副_GB/T5783_M12*100_8.8-电镀锌72h盐雾,11020101078,11010100095,11090100038,11090200163,11098800017,1,
11140300359,螺栓副_GB/T5783_M12*30_8.8-电镀锌72h盐雾_一母双平一弹,11020100420,11010100095,11090100038,11090200163,11098800017,2,
11140300462,螺栓副_GB/T5783_M12*35_8.8-电镀锌72h盐雾_一母双平一弹,11020100418,11010100095,11090100038,11090200163,11098800017,2,
11140300364,螺栓副_GB/T5783_M12*35_8.8-电镀锌72h盐雾,11020100418,11010100095,11090100038,11090200163,11098800017,1,
11140300254,螺栓副_GB/T5783_M12*40_8.8-电镀锌72h盐雾,11020100417,11010100095,11090100038,11090200163,11098800017,1,
11140300344,螺栓副_GB/T5783_M12*40_8.8-电镀锌72h盐雾_一母双平一弹,11020100417,11010100095,11090100038,11090200163,11098800017,2,
11140300358,螺栓副_GB/T5783_M12*45_8.8-电镀锌72h盐雾_一母双平一弹,11020100416,11010100095,11090100038,11090200163,11098800017,2,
11140300360,螺栓副_GB/T5783_M12*50_8.8-电镀锌72h盐雾_一母双平一弹,11020100415,11010100095,11090100038,11090200163,11098800017,2,
11140300374,螺栓副_GB/T5783_M12*60_8.8-电镀锌72h盐雾_一母双平一弹,11020100413,11010100095,11090100038,11090200163,11098800017,2,
11140300389,螺栓副_GB/T5783_M12*80_8.8-电镀锌72h盐雾,11020110009,11010100095,11090100038,11090200163,11098800017,1,
11140300476,螺栓副_GB/T5783_M14*45_8.8-电镀锌72h盐雾_一母双平一弹,11020101105,11010100265,11090200173,11090200174,11090100089,2,
11140300323,螺栓副_GB/T5783_M16*130_8.8-电镀锌72h盐雾,11020101044,11010100094,11090100037,11090200162,11098800016,1,
11140300340,螺栓副_GB/T5783_M16*30_8.8-电镀锌72h盐雾,11020101077,11010100094,11090100037,11090200162,11098800016,1,
11140300361,螺栓副_GB/T5783_M16*40_8.8-电镀锌72h盐雾,11020100411,11010100094,11090100037,11090200162,11098800016,1,
11140300365,螺栓副_GB/T5783_M16*50_8.8-电镀锌72h盐雾,11020100409,11010100094,11090100037,11090200162,11098800016,1,
11140300404,螺栓副_GB/T5783_M16*60_8.8-电镀锌72h盐雾_一母双平一弹,11020100407,11010100094,11090100037,11090200162,11098800016,2,
11140300339,螺栓副_GB/T5783_M20*35_8.8-电镀锌72h盐雾,11020101042,11010100093,11090100036,11090200161,11098800015,1,
11140300362,螺栓副_GB/T5783_M20*50_8.8-电镀锌72h盐雾,11020100403,11010100093,11090100036,11090200161,11098800015,1,
11140300337,螺栓副_GB/T5783_M24*45_8.8-电镀锌72h盐雾,TDGG00142,11010100223,11090200137,11090200159,11090100077,1,
11140300363,螺栓副_GB/T5783_M24*60_8.8-电镀锌72h盐雾,11020100887,11010100223,11090200137,11090200159,11090100077,1,
11140300325,螺栓副_GB/T5783_M30*130_8.8-电镀锌72h盐雾,11020101033,11010100224,11090200136,11090200158,11090100076,1,
11140300378,螺栓副_GB/T5782_M36*110_8.8-电镀锌72h盐雾,TDGG00143,11010100238,11090200150,11090200157,11090100083,1,
11140300324,螺栓副_GB/T5783_M36*150_8.8-电镀锌72h盐雾,11020101034,11010100238,11090200150,11090200157,11090100083,1,
11140300370,螺栓副_GB/T5783_M36*220_8.8-电镀锌72h盐雾,TDGG00144,11010100238,11090200150,11090200157,11090100083,1,
11140300218,螺栓副_GB/T5783_M6*20_8.8-电镀锌72h盐雾_一母双平一弹,11020100996,11010100219,11090200140,11090200166,11090100080,2,
11140300376,螺栓副_GB/T5783_M6*25_8.8-电镀锌72h盐雾,11020100913,11010100219,11090200140,11090200166,11090100080,1,
11140300219,螺栓副_GB/T5783_M6*30_8.8-电镀锌72h盐雾_一母双平一弹,11020100997,11010100219,11090200140,11090200166,11090100080,2,
11140300316,螺栓副_GB/T5783_M8*25_8.8-电镀锌72h盐雾_一母双平一弹,11020100906,11010100219,11090100039,11090200165,11098800018,2,
11140300215,螺栓副_GB/T5783_M8*25_8.8-电镀锌72h盐雾_一母一平一弹,11020100906,11010100219,11090100039,11090200165,11098800018,1,
11140300220,螺栓副_GB/T5783_M8*30_8.8-电镀锌72h盐雾_一母双平一弹,11020100905,11010100219,11090100039,11090200165,11098800018,2,
11140300331,螺栓副_GB/T5783_M8*35_8.8-电镀锌72h盐雾_一母双平一弹,11020100904,11010100219,11090100039,11090200165,11098800018,2,
11140300405,螺栓副_GB/T5783_M8*40_8.8-电镀锌72h盐雾,11020100903,11010100219,11090100039,11090200165,11098800018,1,
11140300247,螺栓副_GB/T5783_M8*45_8.8-电镀锌72h盐雾,11020101047,11010100219,11090100039,11090200165,11098800018,1,
11140300478,螺栓副_GB/T5783_M8*75_8.8-电镀锌72h盐雾_一母双平一弹,11020110722,11010100219,11090100039,11090200165,11098800018,2,
11140300503,螺栓副_GB/T5783_M14*35_10.9-电镀锌72h盐雾,TDGG00145,TDGG00161,11090200173,11090200174,11090100089,1,
11140300501,螺栓副_GB/T5783_M14*45_10.9-电镀锌72h盐雾,TDGG00146,TDGG00161,11090200173,11090200174,11090100089,1,
11140300494,螺栓副_GB/T5783_M14*50_10.9-电镀锌72h盐雾,TDGG00147,TDGG00161,11090200173,11090200174,11090100089,1,
11140300334,半圆头方颈螺栓副_GB/T12_M8*16_4.8-电镀锌72h盐雾,TDGG00148,11010100400,11090200139,11090200164,11090100079,1,
11140300216,螺栓副_GB/T5783_M8*30_4.8-电镀锌72h盐雾_一母一平一弹,TDGG00149,11010100400,11090200139,11090200164,11090100079,1,
ACC1002505,半圆头方颈螺栓副_DIN603_M10*25_8.8-电镀锌,11020600068,FAA01001,GBH01001,,,1,
YX00001076,半圆头方颈螺栓副_DIN603_M10*30_8.8-电镀锌,11020600066,FAA01001,GBH01001,,,1,
YX00001077,半圆头方颈螺栓副_DIN603_M10*35_8.8-电镀锌,TDGG00096,FAA01001,GBH01001,,,1,
11140300281,半圆头方颈螺栓副_DIN603_M10*45_8.8-电镀锌,TDGG00097,FAA01001,GBH01001,,,1,
11140100096,螺钉副_GB/T70.1_M12*35_8.8-电镀锌,AAO1203501,FAA01201,GAB01201,GBG01201,GAE01201,1,
11140100102,螺钉副_GB/T70.2_M6*16_8.8-电镀锌_一母一平一弹,AAP0601601,FAA00601,GAB00601,GBG00601,GAE00601,1,
11140300036,螺栓副_GB/T5782_M10*130_8.8-电镀锌,AAC1013001,FAA01001,GAB01001,GBG01001,GAE01001,1,
11140300155,螺栓副_GB/T5782_M12*100_8.8-电镀锌,AAC1210001,FAA01201,GAB01201,GBG01201,GAE01201,1,
11140300124,螺栓副_GB/T5782_M12*120_8.8-电镀锌,AAC1212001,FAA01201,GAB01201,GBG01201,GAE01201,1,
11140300145,螺栓副_GB/T5782_M12*130_8.8-电镀锌,AAC1213001,FAA01201,GAB01201,GBG01201,GAE01201,1,
11140300143,螺栓副_GB/T5782_M12*140_8.8-电镀锌,TDGG00098,FAA01201,GAB01201,GBG01201,GAE01201,1,
11140300144,螺栓副_GB/T5782_M12*150_8.8-电镀锌,AAC1215001,FAA01201,GAB01201,GBG01201,GAE01201,1,
11140300142,螺栓副_GB/T5782_M12*160_8.8-电镀锌,TDGG00099,FAA01201,GAB01201,GBG01201,GAE01201,1,
11140300182,螺栓副_GB/T5782_M12*65_8.8-电镀锌,AAC1206501,FAA01201,GAB01201,GBG01201,GAE01201,1,
11140300164,螺栓副_GB/T5782_M16*120_8.8-电镀锌,AAC1612001,FAA01601,GAB01601,GBG01601,GAE01601,1,
11140300117,螺栓副_GB/T5782_M16*130_8.8-电镀锌,AAC1613001,FAA01601,GAB01601,GBG01601,GAE01601,1,
11140300211,螺栓副_GB/T5782_M16*140_8.8-电镀锌,AAC1614001,FAA01601,GAB01601,GBG01601,GAE01601,1,
11140300116,螺栓副_GB/T5782_M16*150_8.8-电镀锌,AAC1615001,FAA01601,GAB01601,GBG01601,GAE01601,1,
11140300115,螺栓副_GB/T5782_M16*160_8.8-电镀锌,AAC1616001,FAA01601,GAB01601,GBG01601,GAE01601,1,
11140300114,螺栓副_GB/T5782_M16*170_8.8-电镀锌,TDGG00105,FAA01601,GAB01601,GBG01601,GAE01601,1,
11140300113,螺栓副_GB/T5782_M16*180_8.8-电镀锌,AAC1618001,FAA01601,GAB01601,GBG01601,GAE01601,1,
11140300109,螺栓副_GB/T5782_M16*190_8.8-电镀锌,TDGG00106,FAA01601,GAB01601,GBG01601,GAE01601,1,
11140300112,螺栓副_GB/T5782_M16*210_8.8-电镀锌,TDGG00107,FAA01601,GAB01601,GBG01601,GAE01601,1,
11140300111,螺栓副_GB/T5782_M16*220_8.8-电镀锌,AAC1622001,FAA01601,GAB01601,GBG01601,GAE01601,1,
11140300123,螺栓副_GB/T5782_M20*120_8.8-电镀锌,AAC2012001,FAA02001,GAB02001,GBG02001,GAE02001,1,
11140300320,螺栓副_GB/T5782_M20*220_8.8-电镀锌,TDGG00108,FAA02001,GAB02001,GBG02001,GAE02001,1,
11140300355,螺栓副_GB/T5782_M20*230_8.8-电镀锌,TDGG00109,FAA02001,GAB02001,GBG02001,GAE02001,1,
11140300292,螺栓副_GB/T5782_M20*250_8.8-电镀锌,TDGG00110,FAA02001,GAB02001,GBG02001,GAE02001,1,
11140300343,螺栓副_GB/T5782_M20*260_8.8-电镀锌,TDGG00111,FAA02001,GAB02001,GBG02001,GAE02001,1,
11140300213,螺栓副_GB/T5782_M22*120_8.8-电镀锌,TDGG00112,FAA02201,GAB02201,GBG02201,GAE02201,1,
11140300326,螺栓副_GB/T5782_M24*180_8.8-电镀锌,AAC2418001,FAA02401,GAB02401,GBG02401,GAE02401,1,
11140300327,螺栓副_GB/T5782_M24*220_8.8-电镀锌,AAC2422001,FAA02401,GAB02401,GBG02401,GAE02401,1,
11140300342,螺栓副_GB/T5782_M24*230_8.8-电镀锌,TDGG00113,FAA02401,GAB02401,GBG02401,GAE02401,1,
11140300305,螺栓副_GB/T5782_M27*220_8.8-电镀锌,TDGG00114,FAA02701,GAB02701,11090200108,GAE02701,1,
11140300377,螺栓副_GB/T5782_M27*270_8.8-电镀锌,TDGG00115,FAA02701,GAB02701,11090200108,GAE02701,1,
11140300293,螺栓副_GB/T5782_M8*120_8.8-电镀锌,AAC0812001,FAA00801,GAB00801,GBG00801,GAE00801,1,
11140300379,螺栓副_GB/T5783_M10*100_8.8-电镀锌,AAD1010001,FAA01001,GAB01001,GBG01001,GAE01001,1,
11140300180,螺栓副_GB/T5783_M10*20_8.8-电镀锌,AAD1002001,FAA01001,GAB01001,GBG01001,GAE01001,1,
11140300038,螺栓副_GB/T5783_M10*25_8.8-电镀锌,AAD1002501,FAA01001,GAB01001,GBG01001,GAE01001,1,
11140300199,螺栓副_GB/T5783_M10*25_8.8-电镀锌_一母双平一弹,AAD1002501,FAA01001,GAB01001,GBG01001,GAE01001,2,
11140300022,螺栓副_GB/T5783_M10*30_8.8-电镀锌,AAD1003001,FAA01001,GAB01001,GBG01001,GAE01001,1,
AAC1003001_SS,螺栓副_GB/T5783_M10*30_8.8-电镀锌_一母双平一弹,AAD1003001,FAA01001,GAB01001,GBG01001,GAE01001,2,
11140300023,螺栓副_GB/T5783_M10*35_8.8-电镀锌,AAD1003501,FAA01001,GAB01001,GBG01001,GAE01001,1,
AAC1003501_SS,螺栓副_GB/T5783_M10*35_8.8-电镀锌_一母双平一弹,AAD1003501,FAA01001,GAB01001,GBG01001,GAE01001,2,
11140300005,螺栓副_GB/T5783_M10*40_8.8-电镀锌,AAD1004001,FAA01001,GAB01001,GBG01001,GAE01001,1,
11140300249,螺栓副_GB/T5783_M10*40_8.8-电镀锌_一母双平一弹,AAD1004001,FAA01001,GAB01001,GBG01001,GAE01001,2,
11140300126,螺栓副_GB/T5783_M10*45_8.8-电镀锌,AAD1004501,FAA01001,GAB01001,GBG01001,GAE01001,1,
11140300024,螺栓副_GB/T5783_M10*50_8.8-电镀锌,AAD1005001,FAA01001,GAB01001,GBG01001,GAE01001,1,
AAC1005001_SS,螺栓副_GB/T5783_M10*50_8.8-电镀锌_一母双平一弹,AAD1005001,FAA01001,GAB01001,GBG01001,GAE01001,2,
11140300043,螺栓副_GB/T5783_M10*60_8.8-电镀锌,AAD1006001,FAA01001,GAB01001,GBG01001,GAE01001,1,
11140300429,螺栓副_GB/T5783_M10*65_8.8-电镀锌,AAD1006501,FAA01001,GAB01001,GBG01001,GAE01001,1,
11140300427,螺栓副_GB/T5783_M10*75_8.8-电镀锌,11020111128,FAA01001,GAB01001,GBG01001,GAE01001,1,
11140300380,螺栓副_GB/T5783_M10*90_8.8-电镀锌,AAD1009001,FAA01001,GAB01001,GBG01001,GAE01001,1,
11140300177,螺栓副_GB/T5783_M12*110_8.8-电镀锌,AAD1211001,FAA01201,GAB01201,GBG01201,GAE01201,1,
11140300303,螺栓副_GB/T5783_M12*120_8.8-电镀锌,AAD1212001,FAA01201,GAB01201,GBG01201,GAE01201,1,
11140300162,螺栓副_GB/T5783_M12*125_8.8-电镀锌,TDGG00116,FAA01201,GAB01201,GBG01201,GAE01201,1,
11140300345,螺栓副_GB/T5783_M12*140_8.8-电镀锌,AAD1214001,FAA01201,GAB01201,GBG01201,GAE01201,1,
11140300348,螺栓副_GB/T5783_M12*20_8.8-电镀锌,AAD1202001,FAA01201,GAB01201,GBG01201,GAE01201,1,
11140300046,螺栓副_GB/T5783_M12*30_8.8-电镀锌,AAD1203001,FAA01201,GAB01201,GBG01201,GAE01201,1,
AAC1203001_SS,螺栓副_GB/T5783_M12*30_8.8-电镀锌_一母双平一弹,AAD1203001,FAA01201,GAB01201,GBG01201,GAE01201,2,
11140300047,螺栓副_GB/T5783_M12*35_8.8-电镀锌,AAD1203501,FAA01201,GAB01201,GBG01201,GAE01201,1,
AAC1203501_SS,螺栓副_GB/T5783_M12*35_8.8-电镀锌_一母双平一弹,AAD1203501,FAA01201,GAB01201,GBG01201,GAE01201,2,
11140300048,螺栓副_GB/T5783_M12*40_8.8-电镀锌,AAD1204001,FAA01201,GAB01201,GBG01201,GAE01201,1,
AAC1204001_SS,螺栓副_GB/T5783_M12*40_8.8-电镀锌_一母双平一弹,AAD1204001,FAA01201,GAB01201,GBG01201,GAE01201,2,
11140300028,螺栓副_GB/T5783_M12*45_8.8-电镀锌,AAD1204501,FAA01201,GAB01201,GBG01201,GAE01201,1,
11140300050,螺栓副_GB/T5783_M12*50_8.8-电镀锌,AAD1205001,FAA01201,GAB01201,GBG01201,GAE01201,1,
AAC1205001_SS,螺栓副_GB/T5783_M12*50_8.8-电镀锌_一母双平一弹,AAD1205001,FAA01201,GAB01201,GBG01201,GAE01201,2,
11140300052,螺栓副_GB/T5783_M12*55_8.8-电镀锌,AAD1205501,FAA01201,GAB01201,GBG01201,GAE01201,1,
11140300107,螺栓副_GB/T5783_M12*60_8.8-电镀锌,AAD1206001,FAA01201,GAB01201,GBG01201,GAE01201,1,
11140300054,螺栓副_GB/T5783_M12*70_8.8-电镀锌,AAD1207001,FAA01201,GAB01201,GBG01201,GAE01201,1,
11140300167,螺栓副_GB/T5783_M12*80_8.8-电镀锌,AAD1208001,FAA01201,GAB01201,GBG01201,GAE01201,1,
11140300056,螺栓副_GB/T5783_M12*90_8.8-电镀锌,AAD1209001,FAA01201,GAB01201,GBG01201,GAE01201,1,
11140300314,螺栓副_GB/T5783_M14*130_8.8-电镀锌,AAD1413001,FAA01401,GAB01401,GBG01401,GAE01401,1,
11140300224,螺栓副_GB/T5783_M14*35_8.8-电镀锌,AAD1403501,FAA01401,GAB01401,GBG01401,GAE01401,1,
11140300121,螺栓副_GB/T5783_M14*40_8.8-电镀锌,AAD1404001,FAA01401,GAB01401,GBG01401,GAE01401,1,
11140300148,螺栓副_GB/T5783_M14*45_8.8-电镀锌,AAD1404501,FAA01401,GAB01401,GBG01401,GAE01401,1,
11140300166,螺栓副_GB/T5783_M14*50_8.8-电镀锌,AAD1405001,FAA01401,GAB01401,GBG01401,GAE01401,1,
11140300154,螺栓副_GB/T5783_M14*55_8.8-电镀锌,AAD1405501,FAA01401,GAB01401,GBG01401,GAE01401,1,
11140300057,螺栓副_GB/T5783_M14*60_8.8-电镀锌,AAD1406001,FAA01401,GAB01401,GBG01401,GAE01401,1,
11140300165,螺栓副_GB/T5783_M14*65_8.8-电镀锌,AAD1406501,FAA01401,GAB01401,GBG01401,GAE01401,1,
11140300315,螺栓副_GB/T5783_M14*90_8.8-电镀锌,AAD1409001,FAA01401,GAB01401,GBG01401,GAE01401,1,
11140300058,螺栓副_GB/T5783_M16*100_8.8-电镀锌,AAD1610001,FAA01601,GAB01601,GBG01601,GAE01601,1,
11140300244,螺栓副_GB/T5783_M16*110_8.8-电镀锌,AAD1611001,FAA01601,GAB01601,GBG01601,GAE01601,1,
11140300393,螺栓副_GB/T5783_M16*120_8.8-电镀锌,AAD1612001,FAA01601,GAB01601,GBG01601,GAE01601,1,
11140300392,螺栓副_GB/T5783_M16*130_8.8-电镀锌,AAD1613001,FAA01601,GAB01601,GBG01601,GAE01601,1,
11140300275,螺栓副_GB/T5783_M16*140_8.8-电镀锌,AAD1614001,FAA01601,GAB01601,GBG01601,GAE01601,1,
11140300394,螺栓副_GB/T5783_M16*150_8.8-电镀锌,TDGG00117,FAA01601,GAB01601,GBG01601,GAE01601,1,
11140300157,螺栓副_GB/T5783_M16*160_8.8-电镀锌,AAD1616001,FAA01601,GAB01601,GBG01601,GAE01601,1,
11140300335,螺栓副_GB/T5783_M16*180_8.8-电镀锌,AAD1618001,FAA01601,GAB01601,GBG01601,GAE01601,1,
11140300156,螺栓副_GB/T5783_M16*200_8.8-电镀锌,AAD1620001,FAA01601,GAB01601,GBG01601,GAE01601,1,
11140300059,螺栓副_GB/T5783_M16*30_8.8-电镀锌,AAD1603001,FAA01601,GAB01601,GBG01601,GAE01601,1,
11140300060,螺栓副_GB/T5783_M16*35_8.8-电镀锌,AAD1603501,FAA01601,GAB01601,GBG01601,GAE01601,1,
11140300061,螺栓副_GB/T5783_M16*40_8.8-电镀锌,AAD1604001,FAA01601,GAB01601,GBG01601,GAE01601,1,
11140300270,螺栓副_GB/T5783_M16*45_8.8-电镀锌,AAD1604501,FAA01601,GAB01601,GBG01601,GAE01601,1,
11140300062,螺栓副_GB/T5783_M16*50_8.8-电镀锌,AAD1605001,FAA01601,GAB01601,GBG01601,GAE01601,1,
11140300269,螺栓副_GB/T5783_M16*55_8.8-电镀锌,AAD1605501,FAA01601,GAB01601,GBG01601,GAE01601,1,
11140300063,螺栓副_GB/T5783_M16*55_8.8-电镀锌_用SP0001456替代,AAD1605501,FAA01601,GAB01601,GBG01601,GAE01601,1,
11140300064,螺栓副_GB/T5783_M16*60_8.8-电镀锌,AAD1606001,FAA01601,GAB01601,GBG01601,GAE01601,1,
11140300065,螺栓副_GB/T5783_M16*65_8.8-电镀锌,AAD1606501,FAA01601,GAB01601,GBG01601,GAE01601,1,
11140300066,螺栓副_GB/T5783_M16*70_8.8-电镀锌,AAD1607001,FAA01601,GAB01601,GBG01601,GAE01601,1,
11140300068,螺栓副_GB/T5783_M16*75_8.8-电镀锌,11020101071,FAA01601,GAB01601,GBG01601,GAE01601,1,
11140300069,螺栓副_GB/T5783_M16*80_8.8-电镀锌,AAD1608001,FAA01601,GAB01601,GBG01601,GAE01601,1,
11140300070,螺栓副_GB/T5783_M16*90_8.8-电镀锌,AAD1609001,FAA01601,GAB01601,GBG01601,GAE01601,1,
11140300158,螺栓副_GB/T5783_M18*100_8.8-电镀锌,AAD1810001,FAA01801,GAB01801,GBG01801,GAE01801,1,
11140300322,螺栓副_GB/T5783_M18*140_8.8-电镀锌,AAD1814001,FAA01801,GAB01801,GBG01801,GAE01801,1,
11140300330,螺栓副_GB/T5783_M18*240_8.8-电镀锌,TDGG00118,FAA01801,GAB01801,GBG01801,GAE01801,1,
11140300129,螺栓副_GB/T5783_M18*50_8.8-电镀锌,AAD1805001,FAA01801,GAB01801,GBG01801,GAE01801,1,
11140300125,螺栓副_GB/T5783_M18*60_8.8-电镀锌,AAD1806001,FAA01801,GAB01801,GBG01801,GAE01801,1,
11140300071,螺栓副_GB/T5783_M18*80_8.8-电镀锌,AAD1808001,FAA01801,GAB01801,GBG01801,GAE01801,1,
11140300072,螺栓副_GB/T5783_M20*100_8.8-电镀锌,AAD2010001,FAA02001,GAB01801,GBG02001,GAE02001,1,
11140300240,螺栓副_GB/T5783_M20*110_8.8-电镀锌,AAD2011001,FAA02001,GAB02001,GBG02001,GAE02001,1,
11140300159,螺栓副_GB/T5783_M20*120_8.8-电镀锌,AAD2012001,FAA02001,GAB02001,GBG02001,GAE02001,1,
11140300273,螺栓副_GB/T5783_M20*130_8.8-电镀锌,AAD2013001,FAA02001,GAB02001,GBG02001,GAE02001,1,
11140300274,螺栓副_GB/T5783_M20*140_8.8-电镀锌,AAD2014001,FAA02001,GAB02001,GBG02001,GAE02001,1,
11140300205,螺栓副_GB/T5783_M20*150_8.8-电镀锌,AAD2015001,FAA02001,GAB02001,GBG02001,GAE02001,1,
11140300287,螺栓副_GB/T5783_M20*160_8.8-电镀锌,AAD2016001,FAA02001,GAB02001,GBG02001,GAE02001,1,
11140300321,螺栓副_GB/T5783_M20*180_8.8-电镀锌,AAD2018001,FAA02001,GAB02001,GBG02001,GAE02001,1,
11140300260,螺栓副_GB/T5783_M20*200_8.8-电镀锌,AAD2020001,FAA02001,GAB02001,GBG02001,GAE02001,1,
11140300338,螺栓副_GB/T5783_M20*35_8.8-电镀锌,AAD2003501,FAA02001,GAB02001,GBG02001,GAE02001,1,
11140300226,螺栓副_GB/T5783_M20*40_8.8-电镀锌,AAD2004001,FAA02001,GAB02001,GBG02001,GAE02001,1,
11140300147,螺栓副_GB/T5783_M20*50_8.8-电镀锌,AAD2005001,FAA02001,GAB02001,GBG02001,GAE02001,1,
GG003374,螺栓副_GB/T5783_M20*55_8.8-电镀锌,AAD2005501,FAA02001,GAB02001,GBG02001,GAE02001,1,
11140300108,螺栓副_GB/T5783_M20*60_8.8-电镀锌,AAD2006001,FAA02001,GAB02001,GBG02001,GAE02001,1,
11140300119,螺栓副_GB/T5783_M20*65_8.8-电镀锌,AAD2006501,FAA02001,GAB02001,GBG02001,GAE02001,1,
11140300130,螺栓副_GB/T5783_M20*70_8.8-电镀锌,AAD2007001,FAA02001,GAB02001,GBG02001,GAE02001,1,
11140300073,螺栓副_GB/T5783_M20*80_8.8-电镀锌,AAD2008001,FAA02001,GAB02001,GBG02001,GAE02001,1,
11140300074,螺栓副_GB/T5783_M20*90_8.8-电镀锌,AAD2009001,FAA02001,GAB02001,GBG02001,GAE02001,1,
11140300176,螺栓副_GB/T5783_M22*100_8.8-电镀锌,TDGG00119,FAA02201,GAB02201,GBG02201,GAE02201,1,
11140300346,螺栓副_GB/T5783_M22*150_8.8-电镀锌,AAD2215001,FAA02201,GAB02201,GBG02201,GAE02201,1,
11140300306,螺栓副_GB/T5783_M22*40_8.8-电镀锌,TDGG00120,FAA02201,GAB02201,GBG02201,GAE02201,1,
11140300262,螺栓副_GB/T5783_M22*70_8.8-电镀锌,TDGG00121,FAA02201,GAB02201,GBG02201,GAE02201,1,
11140300391,螺栓副_GB/T5783_M24*100_8.8-电镀锌,AAD2410001,FAA02401,GAB02401,GBG02401,GAE02401,1,
11140300131,螺栓副_GB/T5783_M24*110_8.8-电镀锌,AAD2411001,FAA02401,GAB02401,GBG02401,GAE02401,1,
11140300239,螺栓副_GB/T5783_M24*130_8.8-电镀锌,AAD2413001,FAA02401,GAB02401,GBG02401,GAE02401,1,
11140300276,螺栓副_GB/T5783_M24*150_8.8-电镀锌,AAD2415001,FAA02401,GAB02401,GBG02401,GAE02401,1,
11140300266,螺栓副_GB/T5783_M24*160_8.8-电镀锌,AAD2416001,FAA02401,GAB02401,GBG02401,GAE02401,1,
11140300368,螺栓副_GB/T5783_M24*180_8.8-电镀锌,AAD2418001,FAA02401,GAB02401,GBG02401,GAE02401,1,
11140300243,螺栓副_GB/T5783_M24*190_8.8-电镀锌,11020100516,FAA02401,GAB02401,GBG02401,GAE02401,1,
11140300223,螺栓副_GB/T5783_M24*200_8.8-电镀锌,AAD2420001,FAA02401,GAB02401,GBG02401,GAE02401,1,
11140300512,螺栓副_GB/T5783_M24*220_8.8-电镀锌,AAD2422001,FAA02401,GAB02401,GBG02401,GAE02401,1,
11140300336,螺栓副_GB/T5783_M24*45_8.8-电镀锌,TDGG00122,FAA02401,GAB02401,GBG02401,GAE02401,1,
11140300076,螺栓副_GB/T5783_M24*50_8.8-电镀锌,AAD2405001,FAA02401,GAB02401,GBG02401,GAE02401,1,
11140300146,螺栓副_GB/T5783_M24*55_8.8-电镀锌,AAD2405501,FAA02401,GAB02401,GBG02401,GAE02401,1,
11140300077,螺栓副_GB/T5783_M24*60_8.8-电镀锌,AAD2406001,FAA02401,GAB02401,GBG02401,GAE02401,1,
11140300078,螺栓副_GB/T5783_M24*70_8.8-电镀锌,AAD2407001,FAA02401,GAB02401,GBG02401,GAE02401,1,
11140300079,螺栓副_GB/T5783_M24*80_8.8-电镀锌,AAD2418001,FAA02401,GAB02401,GBG02401,GAE02401,1,
11140300369,螺栓副_GB/T5783_M24*90_8.8-电镀锌,AAD2409001,FAA02401,GAB02401,GBG02401,GAE02401,1,
11140300210,螺栓副_GB/T5783_M27*120_8.8-电镀锌,TDGG00123,FAA02701,GAB02701,11090200108,GAE02701,1,
11140300300,螺栓副_GB/T5783_M27*140_8.8-电镀锌,TDGG00124,FAA02701,GAB02701,11090200108,GAE02701,1,
11140300284,螺栓副_GB/T5783_M27*200_8.8-电镀锌,TDGG00125,FAA02701,GAB02701,11090200108,GAE02701,1,
11140300259,螺栓副_GB/T5783_M27*230_8.8-电镀锌,TDGG00126,FAA02701,GAB02701,11090200108,GAE02701,1,
11140300203,螺栓副_GB/T5783_M27*50_8.8-电镀锌,TDGG00127,FAA02701,GAB02701,11090200108,GAE02701,1,
11140300153,螺栓副_GB/T5783_M27*60_8.8-电镀锌,TDGG00128,FAA02701,GAB02701,11090200108,GAE02701,1,
11140300080,螺栓副_GB/T5783_M30*130_8.8-电镀锌,AAD3013001,FAA03001,GAB03001,GBG03001,GAE03001,1,
11140300081,螺栓副_GB/T5783_M30*140_8.8-电镀锌,AAD3014001,FAA03001,GAB03001,GBG03001,GAE03001,1,
11140300237,螺栓副_GB/T5783_M30*150_8.8-电镀锌,AAD3015001,FAA03001,GAB03001,GBG03001,GAE03001,1,
11140300341,螺栓副_GB/T5783_M30*230_8.8-电镀锌,TDGG00129,FAA03001,GAB03001,GBG03001,GAE03001,1,
11140300372,螺栓副_GB/T5783_M30*80_8.8-电镀锌,AAD3028001,FAA03001,GAB03001,GBG03001,GAE03001,1,
11140300238,螺栓副_GB/T5783_M30*90_8.8-电镀锌,AAD3009001,FAA03001,GAB03001,GBG03001,GAE03001,1,
11140300373,螺栓副_GB/T5783_M36*110_8.8-电镀锌,AAD3611001,FAA03601,GAB03601,GBG03601,GAE03601,1,
11140300122,螺栓副_GB/T5783_M36*90_8.8-电镀锌,AAD3609001,FAA03601,GAB03601,GBG03601,GAE03601,1,
11140300084,螺栓副_GB/T5783_M4*30_8.8-电镀锌,AAD0403001,FAA00401,GAB00401,GBG0401,GAE00401,1,
11140300087,螺栓副_GB/T5783_M6*20_8.8-电镀锌,AAD0602001,FAA00601,GAB00601,GBG00601,GAE00601,1,
AAC0602001_SS,螺栓副_GB/T5783_M6*20_8.8-电镀锌_一母双平一弹,AAD0602001,FAA00601,GAB00601,GBG00601,GAE00601,2,
11140300031,螺栓副_GB/T5783_M6*25_8.8-电镀锌,AAD0602501,FAA00601,GAB00601,GBG00601,GAE00601,1,
AAC0602501_SS,螺栓副_GB/T5783_M6*25_8.8-电镀锌_一母双平一弹,AAD0602501,FAA00601,GAB00601,GBG00601,GAE00601,2,
JX00007249,螺栓副_GB/T5783_M6*30_8.8-电镀锌,AAD0603001,FAA00601,GAB00601,GBG00601,GAE00601,1,
11140300201,螺栓副_GB/T5783_M6*30_8.8-电镀锌_一母双平一弹,AAD0603001,FAA00601,GAB00601,GBG00601,GAE00601,2,
11140300104,螺栓副_GB/T5783_M6*35_8.8-电镀锌,AAD0603501,FAA00601,GAB00601,GBG00601,GAE00601,1,
11140300312,螺栓副_GB/T5783_M6*35_8.8-电镀锌_一母双平一弹,AAD0603501,FAA00601,GAB00601,GBG00601,GAE00601,2,
11140300252,螺栓副_GB/T5783_M6*40_8.8-电镀锌,AAD0604001,FAA00601,GAB00601,GBG00601,GAE00601,1,
11140300313,螺栓副_GB/T5783_M6*40_8.8-电镀锌_一母双平一弹,AAD0604001,FAA00601,GAB00601,GBG00601,GAE00601,2,
11140300091,螺栓副_GB/T5783_M6*50_8.8-电镀锌,AAD0605001,FAA00601,GAB00601,GBG00601,GAE00601,1,
11140300356,螺栓副_GB/T5783_M8*12_8.8-电镀锌,AAD0801201,FAA00801,GAB00801,GBG00801,GAE00801,1,
11140300092,螺栓副_GB/T5783_M8*16_8.8-电镀锌,AAD0801601,FAA00801,GAB00801,GBG00801,GAE00801,1,
11140300493,螺栓副_GB/T5783_M8*20_8.8-电镀锌,AAD0802001,FAA00801,GAB00801,GBG00801,GAE00801,1,
AAC0802001_SS,螺栓副_GB/T5783_M8*20_8.8-电镀锌_一母双平一弹,AAD0802001,FAA00801,GAB00801,GBG00801,GAE00801,2,
11140300093,螺栓副_GB/T5783_M8*25_8.8-电镀锌,AAD0802501,FAA00801,GAB00801,GBG00801,GAE00801,1,
AAC0802501_SS,螺栓副_GB/T5783_M8*25_8.8-电镀锌_一母双平一弹,AAD0802501,FAA00801,GAB00801,GBG00801,GAE00801,2,
11140300034,螺栓副_GB/T5783_M8*25_8.8-电镀锌_用11140300093…,AAD0802501,FAA00801,GAB00801,GBG00801,GAE00801,1,
11140300035,螺栓副_GB/T5783_M8*30_8.8-电镀锌,AAD0803001,FAA00801,GAB00801,GBG00801,GAE00801,1,
AAC0803001_SS,螺栓副_GB/T5783_M8*30_8.8-电镀锌_一母双平一弹,AAD0803001,FAA00801,GAB00801,GBG00801,GAE00801,2,
SP0000985,螺栓副_GB/T5783_M8*35_8.8-电镀锌,AAD0803501,FAA00801,GAB00801,GBG00801,GAE00801,1,
11140300302,螺栓副_GB/T5783_M8*35_8.8-电镀锌_一母双平一弹,AAD0803501,FAA00801,GAB00801,GBG00801,GAE00801,2,
11140300095,螺栓副_GB/T5783_M8*40_8.8-电镀锌,AAD0804001,FAA00801,GAB00801,GBG00801,GAE00801,1,
11140300246,螺栓副_GB/T5783_M8*40_8.8-电镀锌_一母双平一弹,AAD0804001,FAA00801,GAB00801,GBG00801,GAE00801,2,
11140300268,螺栓副_GB/T5783_M8*45_8.8-电镀锌,AAD0804501,FAA00801,GAB00801,GBG00801,GAE00801,1,
11140300375,螺栓副_GB/T5783_M8*50_8.8-电镀锌,AAD0805001,FAA00801,GAB00801,GBG00801,GAE00801,1,
11140300097,螺栓副_GB/T5783_M8*55_8.8-电镀锌,AAD0805501,FAA00801,GAB00801,GBG00801,GAE00801,1,
11140300347,螺栓副_GB/T5783_M8*60_8.8-电镀锌,AAD0806001,FAA00801,GAB00801,GBG00801,GAE00801,1,
11140300267,螺栓副_GB/T5783_M8*65_8.8-电镀锌,AAD0806501,FAA00801,GAB00801,GBG00801,GAE00801,1,
11140300294,螺栓副_GB/T5783_M8*90_8.8-电镀锌,TDGG00130,FAA00801,GAB00801,GBG00801,GAE00801,1,
11140300178,螺栓副_GB/T5783_M10*40_10.9-电镀锌,11020100392,FAA01003,GAB01001,GBG01001,GAE01001,1,
ZD00001134,螺栓副_GB/T5783_M10*60_10.9-电镀锌,TDGG00131,FAA01003,GAB01001,GBG01001,GAE01001,1,
ZD00001150,螺栓副_GB/T5783_M20*100_10.9-电镀锌,TDGG00132,FAA02003,GAB02001,GBG02001,GAE02001,1,
11140300103,螺栓副_GB/T5783_M8*20_10.9-电镀锌,TDGG00133,FAA00804,GAB00801,GBG00801,GAE00801,1,
11140300102,螺栓副_GB/T5783_M8*30_10.9-电镀锌,TDGG00134,FAA00804,GAB00801,GBG00801,GAE00801,1,
11140300101,螺栓副_GB/T5783_M8*60_10.9-电镀锌,HG000015,FAA00804,GAB00801,GBG00801,GAE00801,1,
11140300253,半圆头方颈螺栓副_GB/T12_M6*20_4.8-电镀锌,TDGG00135,FBK00601,GAB00601,GBG00601,GAE00601,1,
SP0005427,半圆头方颈螺栓副_GB/T12_M8*16_4.8-电镀锌,ABS0801601,FBK00801,GAB00801,GBG00801,GAE00801,1,
11020600009,半圆头方颈螺栓副_GB/T12_M8*30_4.8-电镀锌,ABS0803001,FBK00801,GAB00801,GBG00801,GAE00801,1,
11020600008,半圆头方颈螺栓副_GB/T12_M8*35_4.8-电镀锌,ABS0803501,FBK00801,GAB00801,GBG00801,GAE00801,1,
11140300006,螺栓副_GB/T5781_M10*30_4.8-电镀锌,TDGG00136,FBK01001,GAB01001,GBG01001,GAE01001,1,
11140300007,螺栓副_GB/T5781_M10*35_4.8-电镀锌,AAB1003501,FBK01001,GAB01001,GBG01001,GAE01001,1,
11140300008,螺栓副_GB/T5781_M12*35_4.8-电镀锌,AAB1203501,FBK01201,GAB01201,GBG01201,GAE01201,1,
11140300009,螺栓副_GB/T5781_M12*45_4.8-电镀锌,AAB1204501,FBK01201,GAB01201,GBG01201,GAE01201,1,
11140300010,螺栓副_GB/T5781_M14*35_4.8-电镀锌,11020110644,FBK01401,GAB01401,GBG01401,GAE01401,1,
11140300011,螺栓副_GB/T5781_M16*60_4.8-电镀锌,TDGG00137,FAA01604,GAB01601,GBG01601,GAE01601,1,
11140300012,螺栓副_GB/T5781_M20*60_4.8-电镀锌,11020100363,FBK02001,GAB02001,GBG02001,GAE02001,1,
11140300013,螺栓副_GB/T5781_M22*70_4.8-电镀锌,TDGG00138,TDGG00162,GAB02201,GBG02201,GAE02201,1,
11140300014,螺栓副_GB/T5781_M24*55_4.8-电镀锌,TDGG00139,FBK02401,GAB02401,GBG02401,GAE02401,1,
11140300015,螺栓副_GB/T5781_M24*90_4.8-电镀锌,TDGG00140,FBK02401,GAB02401,GBG02401,GAE02401,1,
11140300118,螺栓副_GB/T5781_M6*16_4.8-电镀锌,AAB0601601,FBK00601,GAB00601,GBG00601,GAE00601,1,
11140300017,螺栓副_GB/T5781_M6*25_4.8-电镀锌,AAB0602501,FBK00601,GAB00601,GBG00601,GAE00601,1,
11140300168,螺栓副_GB/T5781_M6*30_4.8-电镀锌,11020100203,FBK00601,GAB00601,GBG00601,GAE00601,1,
11140300018,螺栓副_GB/T5781_M8*20_4.8-电镀锌,11020100193,FBK00801,GAB00801,GBG00801,GAE00801,1,
11140300019,螺栓副_GB/T5781_M8*25_4.8-电镀锌,TDGG00141,FBK00801,GAB00801,GBG00801,GAE00801,1,
11140300020,螺栓副_GB/T5781_M8*30_4.8-电镀锌,AAB0803001,FBK00801,GAB00801,GBG00801,GAE00801,1,
11140300021,螺栓副_GB/T5781_M8*35_4.8-电镀锌,11020100191,FBK00801,GAB00801,GBG00801,GAE00801,1,
11140300436,螺栓副_GB/T5783_M16*80_8.8-电镀锌_含自锁螺母,AAD1608001,11010500088,GAB01601,GBG01601,GAE01601,1,
11140300366,螺栓副_GB/T5783_M20*100_10.9-氧化,TDGG00165,11010100146,GAB02003,,TDGG00164,1,
11020100331,螺栓副_GB/T5783_M24*120_10.9-氧化,11020100322,11010100019,11090200004,,11090100041,1,
11060300095,内六角圆柱头螺钉副_GB/T70.1_M12*45_10.9-氧化,TDGG00166,FAA01203,GAB01201,,GAE01201,1,
